id,name,email
1,kunjshah,kunjshah.23.cse@iite.indusuni.ac.in
2,Keshav ,keshavkhatri.23.cse@iite.indusuni.ac.in
3,Malav, malavkarelia.23.cse@iite.indusuni.ac.in
4,Dhairya,dhairyapatel.23.cse@iite.indusuni.ac.in
5,Harsh,harshpatel.23.cse@iite.indusuni.ac.in
6,Swet,swetpatel.23.cse@iite.indusuni.ac.in